Expenses,Total_Expenses,RF_Predicted_Expenses,GB_Predicted_Expenses,DL_Predicted_Expenses
2500000.0,2500000.0,,,
2520000.0,2520000.0,,,
2535000.0,2535000.0,,,
35120000.0,35120000.0,,,
,,25669300.0,35119350.54059545,0.7802595
,,25669300.0,35119350.54059545,0.9292539
,,25669300.0,35119350.54059545,1.0876738
,,25669300.0,35119350.54059545,1.2559052
,,25669300.0,35119350.54059545,1.4336004
